--
-- PostgreSQL database dump
--

-- Dumped from database version 13.2
-- Dumped by pg_dump version 13.2

-- Started on 2021-08-15 22:32:48

SET statement_timeout = 0;
SET lock_timeout = 0;
SET idle_in_transaction_session_timeout = 0;
SET client_encoding = 'UTF8';
SET standard_conforming_strings = on;
SELECT pg_catalog.set_config('search_path', '', false);
SET check_function_bodies = false;
SET xmloption = content;
SET client_min_messages = warning;
SET row_security = off;

--
-- TOC entry 2 (class 3079 OID 16384)
-- Name: adminpack; Type: EXTENSION; Schema: -; Owner: -
--

CREATE EXTENSION IF NOT EXISTS adminpack WITH SCHEMA pg_catalog;


--
-- TOC entry 3009 (class 0 OID 0)
-- Dependencies: 2
-- Name: EXTENSION adminpack; Type: COMMENT; Schema: -; Owner: 
--

COMMENT ON EXTENSION adminpack IS 'administrative functions for PostgreSQL';


SET default_tablespace = '';

SET default_table_access_method = heap;

--
-- TOC entry 202 (class 1259 OID 32954)
-- Name: conta; Type: TABLE; Schema: public; Owner: prisma
--

CREATE TABLE public.conta (
    id integer NOT NULL,
    conta character varying(15) NOT NULL
);


ALTER TABLE public.conta OWNER TO prisma;

--
-- TOC entry 204 (class 1259 OID 32976)
-- Name: lancamento; Type: TABLE; Schema: public; Owner: prisma
--

CREATE TABLE public.lancamento (
    id integer NOT NULL,
    tipo_lancamento character varying(10) NOT NULL,
    descricao character varying(70) NOT NULL,
    categoria character varying(30) DEFAULT NULL::character varying,
    valor numeric(10,2),
    id_user character varying(100) NOT NULL,
    id_conta integer NOT NULL,
    created_at date DEFAULT CURRENT_TIMESTAMP NOT NULL,
    updated_at date DEFAULT CURRENT_TIMESTAMP NOT NULL
);


ALTER TABLE public.lancamento OWNER TO prisma;

--
-- TOC entry 203 (class 1259 OID 32974)
-- Name: lancamento_id_seq; Type: SEQUENCE; Schema: public; Owner: prisma
--

ALTER TABLE public.lancamento ALTER COLUMN id ADD GENERATED BY DEFAULT AS IDENTITY (
    SEQUENCE NAME public.lancamento_id_seq
    START WITH 1
    INCREMENT BY 1
    NO MINVALUE
    MAXVALUE 99999999
    CACHE 1
);


--
-- TOC entry 201 (class 1259 OID 24742)
-- Name: users; Type: TABLE; Schema: public; Owner: prisma
--

CREATE TABLE public.users (
    id character varying(100) NOT NULL,
    name character varying(100) NOT NULL,
    password character varying(100) NOT NULL,
    email character varying(100) NOT NULL
);


ALTER TABLE public.users OWNER TO prisma;

--
-- TOC entry 3001 (class 0 OID 32954)
-- Dependencies: 202
-- Data for Name: conta; Type: TABLE DATA; Schema: public; Owner: prisma
--

COPY public.conta (id, conta) FROM stdin;
1	Minha Carteira
2	Minha Poupança
\.


--
-- TOC entry 3003 (class 0 OID 32976)
-- Dependencies: 204
-- Data for Name: lancamento; Type: TABLE DATA; Schema: public; Owner: prisma
--

COPY public.lancamento (id, tipo_lancamento, descricao, categoria, valor, id_user, id_conta, created_at, updated_at) FROM stdin;
5	Despesa	Compra curso Udemy curso python	Educação	19.90	d40493f7-3740-405f-bc35-a50b1bee01c1	1	2021-06-12	2021-07-18
9	Despesa	Pagamento Amazon Prime	Educação	29.00	d40493f7-3740-405f-bc35-a50b1bee01c1	1	2021-07-01	2021-07-19
16	Receita	comissão de vendas	Comissão	50.10	d40493f7-3740-405f-bc35-a50b1bee01c1	1	2021-07-20	2021-07-20
6	Receita	Dinheiro para poupança master	Serviços	500.00	d40493f7-3740-405f-bc35-a50b1bee01c1	2	2021-06-12	2021-07-17
4	Receita	Serviço	Serviços	90.00	d40493f7-3740-405f-bc35-a50b1bee01c1	1	2021-06-10	2021-07-17
1	Receita	Recebimento de pagamento	Pagamentos	155.25	d40493f7-3740-405f-bc35-a50b1bee01c1	1	2021-06-10	2021-07-17
2	Receita	Outros	Rendimentos	50.15	d40493f7-3740-405f-bc35-a50b1bee01c1	1	2021-06-10	2021-07-17
19	Despesa	Pagamento Internet	Pagamentos	50.15	d40493f7-3740-405f-bc35-a50b1bee01c1	1	2021-07-21	2021-07-25
46	Despesa	Compra de bermudas	Vestuário	40.00	d40493f7-3740-405f-bc35-a50b1bee01c1	1	2021-07-25	2021-07-26
53	Receita	Comissão venda Scriptcase	Comissão	75.00	d40493f7-3740-405f-bc35-a50b1bee01c1	2	2021-08-14	2021-08-14
55	Despesa	Pagamento fatura do cartão de crédito	Pagamentos	291.00	d40493f7-3740-405f-bc35-a50b1bee01c1	1	2021-08-14	2021-08-14
56	Receita	Construção de landing page	Serviços	200.00	d40493f7-3740-405f-bc35-a50b1bee01c1	1	2021-08-14	2021-08-14
\.


--
-- TOC entry 3000 (class 0 OID 24742)
-- Dependencies: 201
-- Data for Name: users; Type: TABLE DATA; Schema: public; Owner: prisma
--

COPY public.users (id, name, password, email) FROM stdin;
d40493f7-3740-405f-bc35-a50b1bee01c1	jader	$2a$10$afRIBWJq1aYh.mcdBuWXD.eNjFzqJtEFjKRHqbqI.IV9M.hpm07gy	jandersonjader95@gmai.com
d04dc64a-a20f-4b84-a593-7c48e223d2ec	aline	$2a$10$/YOGBRfLSOYB4d/yHsfdWO6j4fBLlfsXflcwWn2cP2AgaAh/iqjy6	aline.silva@gmail.com
09c697e4-4440-49cd-ba8c-907de338c8b8	userteste	$2a$10$DeDORiEVEmO1FrdqQ.C6Q.oA6bjbsXnE4wSQ3ypHw9a86reCPUOvm	teste@teste.com.br
\.


--
-- TOC entry 3010 (class 0 OID 0)
-- Dependencies: 203
-- Name: lancamento_id_seq; Type: SEQUENCE SET; Schema: public; Owner: prisma
--

SELECT pg_catalog.setval('public.lancamento_id_seq', 56, true);


--
-- TOC entry 2865 (class 2606 OID 32973)
-- Name: conta conta_pkey; Type: CONSTRAINT; Schema: public; Owner: prisma
--

ALTER TABLE ONLY public.conta
    ADD CONSTRAINT conta_pkey PRIMARY KEY (id);


--
-- TOC entry 2867 (class 2606 OID 32983)
-- Name: lancamento lancamento_pkey; Type: CONSTRAINT; Schema: public; Owner: prisma
--

ALTER TABLE ONLY public.lancamento
    ADD CONSTRAINT lancamento_pkey PRIMARY KEY (id);


--
-- TOC entry 2863 (class 2606 OID 24746)
-- Name: users unique_user_id; Type: CONSTRAINT; Schema: public; Owner: prisma
--

ALTER TABLE ONLY public.users
    ADD CONSTRAINT unique_user_id UNIQUE (id);


--
-- TOC entry 2869 (class 2606 OID 32989)
-- Name: lancamento lancamento_id_conta_fkey; Type: FK CONSTRAINT; Schema: public; Owner: prisma
--

ALTER TABLE ONLY public.lancamento
    ADD CONSTRAINT lancamento_id_conta_fkey FOREIGN KEY (id_conta) REFERENCES public.conta(id);


--
-- TOC entry 2868 (class 2606 OID 32984)
-- Name: lancamento lancamento_id_user_fkey; Type: FK CONSTRAINT; Schema: public; Owner: prisma
--

ALTER TABLE ONLY public.lancamento
    ADD CONSTRAINT lancamento_id_user_fkey FOREIGN KEY (id_user) REFERENCES public.users(id);


-- Completed on 2021-08-15 22:32:49

--
-- PostgreSQL database dump complete
--

